{"cameraMode":{"drawMode":0,"name":"Shaded","section":"Shading Mode"},"sceneLighting":true,"audioPlay":false,"sceneViewState":{"showFog":true,"showMaterialUpdate":false,"showSkybox":true,"showFlares":true,"showImageEffects":true,"showParticleSystems":true,"showVisualEffectGraphs":true,"m_FxEnabled":true},"in2DMode":false,"pivot":{"x":-31.526180267333986,"y":-0.9469435214996338,"z":85.38786315917969},"rotation":{"x":0.006090438459068537,"y":-0.5315150618553162,"z":-0.0038219939451664688,"w":-0.8470212817192078},"size":8.918073654174805,"orthographic":false}